spot,place,state,lat,lon,sentence,book,bookIndex
Erode,Erode,Tamil Nadu,11.341036,77.717163,"எல்லா நகரங்களும் அழகாக இருக்கின்றன. குப்பைகள்கூட ஒருவகை வசீகரத்துடன் பரவிக் கிடப்பதாகத் தோன்றுகின்றன. ஈரோட்டைவிட்டுவிலகி சேலம் பாதையில் செல்ல ஆரம்பித்தோம்.",Travel India,0
Sri Kailasanathar Temple,Tharamangalam,Tamil Nadu,11.695508,77.970697,"இந்த ஆலயத்தின் முக்கியமான சிறப்பியல்பு என்பது கிட்டத்தட்ட பன்னிரண்டு படிகள் இறங்கிச் சென்றுதான் கோயிலை அடையமுடியும் என்பதுதான். இந்த அமைப்பை நான் அதிகம் கண்டதில்லை. இக்கோயில் மிகப்புராதனமானதாக இருந்திருக்கலாம். புதைந்து போன அதை அகழ்ந்து மீட்டு சுற்றிலும் பிராகாரமும் கோபுரமும் அமைக்கப்பட்டிருக்கலாம்.",Travel India,0
Nandi,Lepakshi,Andhra Pradesh,13.803204,77.612366,"லெபாக்ஷியின் முக்கியமான கவர்ச்சியே இங்குள்ள மாபெரும் நந்தி மற்றும் சேடன் சிலைகள்தான். குறிப்பாக ஒற்றைக்கல் நந்திசிலைதான் இந்தியாவின் மிகப்பெரிய நந்தி என்றார்கள். கோயிலுக்கு வெளியே சாலையோரமாக நம்மை இது வரவேற்கிறது. கோயிலைப்பற்றிய ஒரு பிரமிப்பை இது உருவாக்குகிறது. போகிற வழியிலேயே இறங்கி அதைப்பார்த்தோம். அதன் வால் அடிவயிறு வழியாக மறுபக்கம் வந்து கிடப்பதுபோலச் செதுக்கப்பட்டிருப்பது அழகாக இருந்தது.",Travel India,0
Veerabhadra Swamy Temple,Lepakshi,Andhra Pradesh,13.802091,77.609301,"நாட்டிய மண்டபத்தையும் கல்யாண மண்டபத்தையும் பார்த்து முடிக்கவே முடியாது. மிக அற்புதமான சிலைகள் வரிசையாக இருக்கின்றன. குறிப்பாக ஒரே தூணில் உள்ள யட்சனும் புஷ்ப யட்சியும் ஆண்மைக்கும் பெண்மைக்கும் மிகச்சிறந்த உதாரணங்கள். பலநிமிட நேரம் அச்சிலைகள் முன்னால் பிரமித்து நின்றுவிட்டோம். கோயிலைச்சுற்றி ஏராளமான பிராகாரங்களும் மண்டபங்களும் இடிந்தும் முழுமைகொள்ளாமலும் நீர் கசிந்தும் கைவிடப்பட்டுக் கிடக்கின்றன. அந்தக் கல்வனத்துக்குள் நிற்கும்போது சென்றகாலத்தில் ஏதோ ஒரு கணத்தில் விழித்துக்கொண்டு திகைத்து நிற்பதுபோன்ற பிரமிப்பும் மௌனமும் உருவாகியது.",Travel India,0
Penukonda,Penukonda,Andhra Pradesh,14.090990,77.597450,"வழியெங்கும் ஆந்திரமாநிலத்தின் காட்சிகள். பொதுவாக ஆந்திராவின் இப்பகுதிதான் மிக வறண்டது. பாறைகள் மிகுந்திருப்பதனால் இதற்கு ராயலசீமா என்று பெயர் - ராய என்றால் பாறை. இந்த மண்ணைப் பார்த்துக்கொண்டு செல்லும்போது இந்த வெற்றுப்பொட்டலில் மனிதர்கள் வாழ்கிறார்களா என்ற ஐயமே கூட உருவாகும். நெடுந்தொலைவுக்கு கிராமங்களே கண்ணுக்குப் படுவதில்லை. ஆங்காங்கே விளைநிலங்கள். பெரிய உருளைப்பாறைகள் சிதறிக்கிடக்கும் நிலஎழுச்சிகள், நிலவீழ்ச்சிகள்.",Travel India,0
Gagan Mahal Palace Of Krishnadevaraya,Penukonda,Andhra Pradesh,14.079058,77.593731,"அங்கே ஒரு மடம் இருக்கிறது. அதன் வலப்பக்கம் காகன்மகால் என்ற கட்டடம் உள்ளது. 1775 ல் கட்டப்பட்டது. அதன் அடித்தளமும் தூண்களும் இந்துகட்டடக்கலைப் பாணியிலும் மேல்முகடுகள் இஸ்லாமியக் கட்டடக்கலைப் பாணியிலும் அமைந்திருக்கிறது. ஹம்பியில் உள்ள தாமரைமகாலை இந்து நினைவுறுத்துகிறது. பொதுவாக சுதையை சிறப்பாக பயன்படுத்தும் தொழில்நுட்பம் இஸ்லாமியக் கட்டடக்கலை வழியாகவே இந்தியா வந்தது என்று தோன்றுகிறது.",Travel India,0
Singanamala Cheruvu,Anantapur,Andhra Pradesh,14.785610, 77.702282,"சிங்கமாலா செரு என்ற பெரிய ஏரியைக் கண்டு வண்டியை நிறுத்தி வேடிக்கை பார்த்தோம்.
",Travel India,0
Bugga Rama Lingeswara Swamy Temple,Tadipatri,Andhra Pradesh,14.918347,78.010097,"பெண்ணை ஆற்றின் கரையில் இருக்கிறது தாட்பத்ரி சிவன்கோயில். கன்னங்கரிய கடப்பைக் கல்லால் கட்டப்பட்டது. சிலைகள் தூண்கள் எல்லாமே இரும்பில் வடிக்கப்பட்டவை போல ஒளிவிட்டன. பதினாறாம் நாகர வம்சத்து அரசர்களால் உருவாக்கப்பட்ட கோயிலானது பதினாறாம் நூற்றாண்டில் அழிக்கப்பட்டது. பின்பு இக்கோயில் மீண்டும் எழவேயில்லை. கோயிலைச்சுற்றி உடைந்த சிற்பங்களின் பெரிய குவியல். அங்கே எங்கு பார்த்தாலும் எல்லா கல்லுமே சிற்பங்கள்தான். பெண்ணையின் கரையே உடைந்த சிற்பத்தூண்களால் ஆனது.",Travel India,0
Lakshmi Narasimha Swamy Temple,Ahobilam,Andhra Pradesh,15.133814,78.672600,"கோயில் மண்டபத்தில் உள்ள பல்வேறு நரசிம்மர் சிலைகள் மிகுந்த கலைநுட்பம் கொண்டவை. குறிப்பாக லட்சுமி தேவியை தாடையைத் தொட்டு கொஞ்சும் நரசிம்ம மூர்த்தியின் சிலையில் உள்ள இனிய புன்னகை மிகச்சிறந்த ஒரு கலையனுபவம். தூண்கள் ஒவ்வொன்றும் நாற்புறமும் பல்வேறு சிற்பங்கள் செறிந்தவை. கூப்பிய கைகளுடன் கிருஷ்ணதேவராயர் சிலையாக நின்றிருக்கிறார்.",Travel India,0
Mahanandeswara Swamy Temple,Mahanandeswaram,Andhra Pradesh,15.471300,78.627318,"காடு அடர்ந்த குன்றுகள் சூழ நின்ற மகாநந்தீஸ்வரம் கண்களுக்கு இனிய கோயில். புதுப்பிக்கப்பட்டு சுத்தமாகப் பேணவும் படுகிறது. முக்கியமான ஒரு புனிதத்தலமாக இருக்க வேண்டும், கோயில் முன்னால் ஒரு கடைவீதி உருவாகியிருந்தது. வளையல் சோப்பு சீப்பு பூஜைப்பொருட்கள். மகாநந்தீஸ்வரம் காட்டுக்குள் தனியாக இருக்கும் கோயில். அங்குள்ள எல்லாமே கோயிலைச் சார்ந்தவைதான். ஏராளமான தங்கும்விடுதிகள். பெரும்பாலும் காலியாகவே கிடந்தன. சிவராத்திரி போன்ற விசேஷ நாட்களில் பெருங்கூட்டம் வரக்கூடும்.",Travel India,0
Nandyal,Nandyal,Andhra Pradesh,15.478569,78.483093,"நந்தியால் நகருக்கு வெளியே வந்து ஓட்டலில் சாப்பிட்டோம். ஆந்திர உணவு. காரசாரமான சட்டினியும் மிளகாய்ப்பொடியும் தயிரும். ஆனால் சிறப்பாக இருந்தது என்று சொல்ல முடியாது. நந்தியாலுக்குள் நுழைந்தோம். நரசிம்ம ராவ் இடைத்தேர்தலுக்கு நின்று ஜெயித்த தொகுதி ஆதலால் அறிந்த பெயர். என்.டி.ராமராவ் அவரை எதிர்த்து வேட்பாளரை நிறுத்தவில்லை ஒரு தெலுங்கர் பிரதமராவதில் உள்ள பெருமிதம் காரணமாக.",Travel India,0
Sri Ayyapa Swami Temple,Dornala,Andhra Pradesh,15.915665,79.096251,"தோரணாலாவில் ஒரு பெரிய அய்யப்பன் கோயிலை புதிதாகக் கட்டியிருந்தார்கள். பச்சை சிவப்பு நீல நிறங்களில் கண்ணைப்பறித்தது. ஒற்றைக்கல்லாலான பதினெட்டுபடி. வெளியே ஒற்றைக்கல்லால் பதினாறடி உயரமான ஆஞ்சனேயர் சிலை. ஸ்ரீசைலம் கும்பல் ஒன்று அதனருகே இறங்கி புளிசாதம் தின்று கொண்டிருந்தது.",Travel India,0
Sri Bhramaramba Mallikarjuna Swamy Jyothirlinga Devasthanam,Srisailam,Andhra Pradesh,16.074133,78.868122,"ஸ்ரீசைலம் அசப்பில் ஒரு தமிழகக் கோயில்போலவே இருக்கிறது. கண்ணைமூடினால் தமிழ் காதில் விழுந்துகொண்டே இருக்கும். மேலும் இங்கே காணப்படும் சைவத்துறவிகளின் எண்ணிக்கை மிக அதிகம். சென்றமுறை நாங்கள் வந்தபோது சாலையெங்கும் துறவிகள் படுத்துக்கிடந்தார்கள். அவர்களில் பலர் தமிழில் பேசிக்கொண்டிருந்தார்கள். துறவியர்களுக்கு வழிவழியாகவே ஒரு சில கோயில்கள்தான் முக்கியமானவை. பல புகழ்பெற்ற கோயில்களுக்கு அவர்கள் வருவதில்லை. தமிழகத்தில் திருவண்ணாமலை அளவுக்கு துறவியர் வரும் கோயில் பிறிதில்லை. திருவண்ணாமலையில் இருந்து நேராக ஸ்ரீசைலம் வரவேண்டும் என்பது துறவின் நெறி. விதவிதமான துறவியரைப் பார்த்தோம். சடாமுடிதரித்தவர்கள், பித்துக்களை கொண்டவர்கள்...",Travel India,0
Devarakonda Fort,Thimmapuram,Telangana,16.701662,78.924687,"தேவரலகொண்டா என்ற ஊரில் மலை மீது பிரம்மாண்டமான ஒரு கோட்டை தெரிந்தது. பல குன்றுகளை உள்ளடக்கி அது வளைந்து சென்றது. அந்தியில் அதன் மீது துயரமான ஒரு மௌனம். அங்கே மனித நடமாட்டமே இருக்காது. தேவரலகொண்டாவில் ஒரு பாறைமேல் குகைக்கோயில் ஒன்றைக் கண்டு ஏறிச்சென்றோம். நான்குபக்கமும் பாறைமலைகள் சூழ்ந்த அபூர்வமான நிலம். பெரும்பாறை ஒன்று ஏழெட்டு சிறு பாறைகள் மேல் அமர்ந்திருக்கிறது. அதனடியில் குகைபோல உருவாக்கி காளியை பிரதிஷ்டை செய்திருக்கிறார்கள். ஒரு முக்கியமான புண்ணிய தலம் உருவாகி வருகிறது. அபாரமான தனிமையும் அமைதியும் கொண்ட இடம். அருகே நீர் உள்ள குளம்.",Travel India,0
Archaeological Museum,Nalgonda,Telangana,17.059857,79.271177,"அதில் அந்தக் காலையில் ஒரு வாட்ச்மேன் மட்டுமே இருந்தார். அதன் முன்னால் இருந்த முற்றத்தில் உடைந்த சிற்பங்கள் ஏராளமாக காட்சிக்கு வைக்கப்பட்டிருந்தன. இரண்டு காலபைரவர் சிலைகள் அற்புதமானவை. தன் கழுத்தில் தானே வாளை வைத்த நிலையில் நிற்கும் நடுகல் சிலைகள் பல இருந்தன. அவையெல்லாம் போரில் தன்னையே களப்பலியாக கொடுத்தவர்களின் சிலைகள். அதில் ஒரு பெண்ணும் இருப்பது மிக வியப்புக்குரியதாக இருந்தது. அத்தகைய ஒரு சிலை வேறு எங்காவது இருக்குமா தெரியவில்லை.",Travel India,0
Pachchala Someshwara Aalayam,Nalgonda,Telangana,17.079695,79.288122,"மேலே கோபுரம் இடிந்து கிடக்கிறது. மொத்த கோயிலே இடிபாடுக்குவியலாகக் கிடந்து சற்றே மீட்கப்பட்டிருக்கிறது. கோயிலுக்குள் மண்டபம் உடைந்து உள்ளே நீர் சொட்டிக்கொண்டிருந்தது. சிறிய லிங்கம். கோயில் முன்னாலிருந்த நந்தி கன்னங்கரிய கல்லில் அழகிய நகைகளுடன் கம்பீரமாக படுத்திருந்தது.",Travel India,0
Chaya Someshwara Temple,Nalgonda,Telangana,17.077454,79.295233,"பச்சன சோமேஸ்வரர் ஆலயத்தின் அதே பாணியிலான கோயில். அழகிய முகமண்டபம். கம்பீரமான நந்தி. உள்ளே லிங்கத்துக்கு ஒரு சிறப்பு உண்டு. அது நான்கடி ஆழமான கருவறைக்குள் உள்ளது. அதை வெளியே நிற்கும் பக்தர்கள் காண முடியாது. அதன் நிழல் பின்னால் உள்ள சுவரில் விழும், அதை மட்டுமே தரிசிக்க முடியும். (சாயா என்றால் நிழல்) அந்த நிழலுக்குதான் பூஜை.",Travel India,0
Phanigiri Buddhist Site,Phanigiri,Telangana,17.426953,79.472444,"மேலே புத்த பல்கலையின் இடிபாடுகள். புத்தர் வந்த இடமாகையால் ஒரு மாபெரும் ஸ்தூபி கட்டியிருக்கிறார்கள். அதன் செங்கல் அடித்தளம் மட்டுமே உள்ளது. சிறிய ஸ்தூபிகள் ஏராளமாக அகழ்ந்து எடுக்கப்பட்டுள்ளன. அவையெல்லாம் அந்த பல்கலையின் தலைவர்களாக இருந்த பிட்சுகளின் சமாதியிடங்கள். விஹார அறைகள் சைத்யங்கள் போன்றவற்றின் செங்கல்லால் ஆன அடித்தளங்கள் நிறைய இருந்தன. சலவைக்கல்லால் ஆன ஒரு சிறிய ஸ்தூபி ஒரு சைத்யத்தின் உள்ளே இருந்திருக்கிறது. அதன் உதிரி துண்டுகளைக் கண்டோம்.",Travel India,0
Sri Seetha Rama Chandra Swamy Vari Devalayam,Phanigiri,Telangana,17.428244, 79.473524,"மலைக்குக் கீழே ஒரு ராமர் கோயில் உள்ளது. அதைக்கட்டிய காரத் மந்துடு என்ற குறுநில மன்னனின் சிலை புடைப்புச்சிற்பமாக உள்ளது. அது ஒரு குகைக்கோயில். அதை ஒட்டி கற்கோயில் எழுப்பப்பட்டிருக்கிறது. எங்கும் அனுமார் சிலைகள். அங்கிருந்த கிணற்றில் நல்ல குடிநீர் இருந்தது.",Travel India,0
Thousand Pillar Temple,Warangal,Telangana,18.003714, 79.574771,"மூன்று ஆயதனங்கள் (தனிக்கோயில்கள்) கொண்ட கோயில் அது. 1163 ல் முதலாம் ருத்ரனால் கட்டப்பட்டது. மூன்று கருவறைகளில் ஒன்றில் மட்டுமே சிவலிங்கம் இருக்கிறது. உள்ளே பிள்ளையார் வைத்து பூஜைசெய்திருந்தார்கள். காலைநேரத்தில் ஒரு நாதஸ்வர வித்வான் அழகாக வாசித்துக் கொண்டிருந்தார். இக்கோயிலின் கல்யாண மண்டபத்துக்கு அடியில் சமீபத்தில் ஒரு கிணறு கண்டடையப்பட்டுள்ளது. பெரியதோர் ஊற்றின்மீது இக்கோயில் அமைக்கப்பட்டிருக்கலாம் என்கிறார்கள்.",Travel India,0
Warangal Fort,Warangal,Telangana,17.956148, 79.614706,"அந்த இடிபாடுகள் மனதை பெரிதும் சங்கடப்படுத்தின. அங்குள்ள மிகச்சிறந்த காட்சி அன்று வரங்கல்லின் நான்கு திசைகளிலும் இருந்த முப்பதடி உயரமான பெரும் கல்நுழைவாயில்கள் இன்றும் உள்ளன. இவை ஒற்றைக்கல்லால் செதுக்கப்பட்டவை. கன்னங்கரிய பளபளப்பான கற்கள். அற்புதமான நுண்ணிய கோலச்செதுக்கல்கள் கொண்டவை. அவை கீர்த்தி தோரணங்கள் என்று அழைக்கப்படுகின்றன. குமிழ்கள் மலர்கள் தொங்கும் அலங்காரங்களுக்கு இருபக்கமும் அழகிய அன்னப்பறவைகள். ஒவ்வொரு சிறு இடத்திலும் சிற்பங்கள். இந்த வாசல்களுக்கு இணையான இன்னொரு சிற்ப வாசல் இந்தியாவில் இல்லை. இந்த கீர்த்தி தோரணங்கள் ஆந்திராவின் சுற்றுலாத்துறையின் சின்னங்களாக புகழ்பெற்றுள்ளன.",Travel India,0
Shivalayam,Warangal,Telangana,17.955466, 79.615007,"சிவபெருமான் கோயில்கொண்டுள்ள சுயம்புலிங்க ஆலயம் இங்கே உள்ளது. காகதீய பாணிக் கட்டடக்கலைக்கு சிறந்த உதாரணம் இது. கருவறைக்குமேலேயே மணிமகுடம்போல எழுந்த குட்டையான சதுரவடிவ கல்கோபுரமும் கருவறைக்கு முன்னர் நீட்டி நிற்கும் அர்த்தமண்டபமும் இதன் சிறப்பியல்புகள். அறுபட்டைத்தூண்களில் அதிகமாக சிற்பங்கள் கிடையாது. வழக்கம்போல மகத்தான நந்தி சிலை.",Travel India,0
Ramappa Temple,Palampet,Telangana,18.259293, 79.943317,"இங்கே ஒவ்வொரு சிற்பமும் ஒரு தனி கலைச்சாதனை என்று சொல்லத்தக்க அளவுக்கு அதிநுண்மை கொண்டது. இந்த ஒரு மண்டபத்திலேயே பற்பல ஆயிரம் சிற்பங்கள் உள்ளன. அந்த ஒரு மண்டபத்தை சாதாரணமாக ரசிக்கவே ஒரு நாள் முழுக்க போதாது. சிவபெருமானின் நடன நிலைகள். அவரைச் சூழ்ந்து பிற தெய்வங்கள். நடன மங்கையர். இசைக்கலைஞர்கள். அந்த மண்டபமே தெய்வங்களும் தேவர்களும் மானுடரும் சேர்ந்து கொண்டாடும் ஒரு பெரும் கலைத்திருவிழாபோல் இருந்தது. ராமப்பா கோயிலின் வெளியே மேல்கூரை வளைவுக்கு அடியில் உள்ள கரியகல் மோகினி நாகினி சிலைகள் ஒவ்வொன்றும் பெரும் கலைப்படைப்புகள். இதற்கு அப்பால் ஒரு கலையே இந்தியாவில் இல்லை என்ற பெரும் பிரமிப்பை உருவாக்குபவை. நண்பர்கள் ஒவ்வொருவரும் அரற்றியபடியே இருந்தார்கள். பித்துப் பிடிக்க வைக்கும் ஒரு அபூர்வமான காட்சிப்பெருவிருந்து இந்த ஆலயம். இந்திய நாட்டில் ஒரே ஒரு கலைச்சின்னம் மட்டும் எஞ்சினால் போதுமென்றால் இதை மட்டுமே வைத்துக்கொள்ள வேண்டும். ஆனால் வழக்கம்போல கைவிடப்பட்டு கிடக்கிறது இந்த இடம். சிற்பங்களை பயணிகள் உடைத்துப்போட்டால்கூட கேட்க யாருமில்லை.",Travel India,0
Karimnagar,Karimnagar,Telangana,18.438555,79.128838,"கரீம் நகரை பின்மாலையில் சென்றடைந்தோம். தெலுங்கானாபகுதியின் வடக்கே இருக்கும் கரீம்நகர் அடிக்கடி நாம் செய்திகளில் கேள்விப்படும் இடம், நக்சலைட் பிரச்சினைகளுக்காக. கரீம்நகரை மிக வறண்ட நிலமாக நெடுநாள் முன் பார்த்த நினைவு. இப்போது கண் ஏமாற்றியது. அடர்பசுமைநிறமான வயல்கள் எங்கும் பரந்துகிடந்தன. சோளம், மக்காச்சோளம், கரும்பு அவற்றில் தழைத்து காற்றில் அலையடித்தன.",Travel India,0
Sri Lakshmi Narasimha Swami Devasthanam,Dharmapuri,Telangana,18.950276,79.097255,"மிகச்சாதாரணமான சமீபத்திய கோயில். ஆனால் ஒரு மண்டபம் மட்டும் மிகத்தொன்மையானது - சிவப்புக்கல்லால் காகதீய பாணியில் கட்டப்பட்டது. அதுகூட எடுத்துக்கட்டப்பட்டதுதான். தூண்கள் அளவுக்கு கூரை பழைமையானதல்ல.",Travel India,0
Adilabad,Adilabad,Telangana,19.664062,78.532013,"பாமினி சுல்தானாக இருந்த அடில்ஷாவின் பெயரால் அமைந்த நகரம் இது. அடிலாபாத் சந்திரகுப்த மௌரியர் காலத்திலேயே இருந்துள்ளது. முகலாயர் ஆட்சியிலும் சாளுக்கியர் சாதவாகனர் ஆட்சியிலும் அது முக்கியமான ஊராக இருந்துள்ளது. அடில்ஷா அதை புதுப்பித்தபின் அவரது பெயராலேயே அறியப்பட்டது. அடிலாபாத்தை புயல்வேகத்தில் கடந்துசென்றோம். இந்த ஊரில் ஆந்திரப் பண்பாட்டு எல்லை வரம்பு இருப்பதாகத் தோன்றியது.",Travel India,0
Nagpur,Nagpur,Maharashtra,21.145800,79.088158,"கன்ஹன் ஆற்றின் துணையாறான நாக் ஆறு ஓடுவதனால் இந்நகருக்கு இப்பெயர். பழைய நாக்பூர் ஆற்றங்கரையில் இருக்கிறதாம். நாக்பூரின் சிறப்பு ஆரஞ்சுகளும் சப்போட்டாப்பழங்களும்தான். நாங்கள் சென்ற காலகட்டம் இரண்டுக்கும் சீசன் இல்லை. ஆகவே வேகமாக நாக்பூரைக் கடந்து மறுபக்கம் சென்றுவிட முடிவெடுத்தோம். இந்தியாவிலேயே அதிக வெப்பமுள்ள பகுதிகளில் ஒன்று நாக்பூர். கோடைகாலத்தில் நாக்பூர் உலை போல இருக்கும். ஏப்ரல் மாதத்தில் டெல்லி சென்னை ரயிலில் வருபவர்கள் இரண்டாம் நாளில் மதியத்தில் நாக்பூர் வருவார்கள். அப்போது ரயில் கூரையைத் தொட்டால் தோசைக்கல் போலிருக்கும்.",Travel India,0
Bhopal,Bhopal,Madhya Pradesh,23.259933,77.412613,"போபால் மத்தியபிரதேசத்தின் தலைநகரம். இந்தூரை விட்டால் மத்யபிரதேசத்தின் பெரிய நகரம் இது. பார்மார மன்னராகிய போஜரால் ஆயிரம்வருடம் முன்பு உருவாக்கப்பட்ட நகரம் போபால். பீஜ்பால் என்றுதான் இதன் உண்மையான பெயர். போஜ மன்னர் வெட்டிய இரு பெரிய ஏரிகள் இந்நகரத்தின் அடிப்படையாக இன்றும் உள்ளன. ஆனால் அந்த நகரம் சற்றுதள்ளி இருந்ததாம். இப்போதுள்ள நகரம் ஆப்கானிய சுல்தான்களின் படைத்தலைவர்களில் ஒருவரான தோஸ்த் முகமது கான் 1707ல் உருவாக்கியது. போபால் நெடுங்காலம் ஒரு முஸ்லிம் சமஸ்தானமாக இருந்திருக்கிறது.",Travel India,0
Sanchi Stupa,Nagpur,Maharashtra,23.479374,77.739668,"பாடப்புத்தகங்களில் அதன் வடிவத்தை அனைவருமே கண்டிருப்பார்கள். மிகப்பெரிய கொட்டாங்கச்சி ஒன்றை கவிழ்த்துவைத்தது போன்ற வடிவம். மேலே ஒரு பீடம் அதன் மீது முக்குடை. பக்கவாட்டில் ஒரு சுற்று நடைபாதை. கீழே பெரிய நடைபாதை. அதைச் சுற்றிச்போடப்பட்ட இரண்டு ஆள் உயரமான கல்லால் ஆன வேலி. அவ்வேலியில் நான்கு பக்கமும் அலங்கார வாசல்கள். காலையின் மஞ்சள் ஒளியில் சாஞ்சி ஸ்தூபி மனத்தை வணங்கச்செய்தது. அருகே செல்லும்தோறும் அது பெருகி வந்து நம் தலைக்கு மேலெழுந்து நிற்பது ஒரு பெரும் அனுபவம். தோரணவாயிலை நெருங்கி கண் மலர்ந்து அண்ணாந்து நின்றோம். புத்தர் வந்து தன் பேருரைகளை ஆற்றிய இடத்தில் ஞானவெற்றிக்கான ஸ்தூபங்களை நடுவது பௌத்த மரபு.",Travel India,0
Udaygiri Cave,Vidisha,Madhya Pradesh,23.533419, 77.771042,"முதல் கோயில் சமணக் குகை. அதில் ஆதிநாதரின் சிலை இருட்டுக்குள் நின்றுகொண்டிருக்க வெளியே வெறித்த நிலம் முழுக்க வெயில் ததும்பியது. அப்பகுதியெங்கும் நம்பமுடியாத அளவுக்கு வறுமை வாய்ப்பட்ட எளிய மக்களின் குடிசைகள். சில குடிசைகள் இடுப்புவரை மட்டுமே உயரம். பெண்கள் கையில் சிறு லோட்டாவில் தண்ணீருடன் சிற்பக்கோயில்கள் நடுவே காலைக்கடன் கழிக்கச் சென்று கொண்டிருந்தார்கள். இங்கே உள்ள முக்கியமான சிற்பம் என்பது வராகமூர்த்தியின் பெரிய சிற்பம்தான். மூன்றாள் உயரமான புடைப்புச் சிற்பம். அவர் வாசுகி மேல் காலை வைத்து பூமிதேவியை தன் கொம்புகளால் நெம்பி எடுக்கும் சிற்பம் அது. அந்த குன்றெங்கும் அலைந்து திரிந்து வெயிலின் தீயில் எரிந்தோம்.",Travel India,0
Bajramath Temple,Gyaraspur,Madhya Pradesh,23.662542, 78.111596,"சந்தேல மன்னர்களால் கட்டப்பட்ட புராதனமான அக்கோயில் மூன்று கருவறை கொண்டது. சிவன் விஷ்ணு துர்க்கை இருந்திருக்கிறார்கள். பின்னர் கோயில் கைவிடப்பட்டிருக்கிறது. அதன்பின் சமண பஸ்தியாக உருமாற்றம் பெற்றிருக்கிறது. இப்போது மையக்கருவறையில் வர்த்தமான மகாவீரரும் இருபக்கமும் ஆதிநாதரும் பார்ஸ்வ நாதரும் கோயில் கொண்டிருக்கிறார்கள். தமிழ்நாட்டில் சமணக்கோயில்கள் கைவிடப்பட்டு பின்னர் இந்துக்கோயில்களாக உருமாற்றம் பெற்றிருக்கின்றன. இந்துக்கோயில் சமணக்கோயிலாக ஆனதை இங்கேதான் பார்க்க முடிந்தது. அழகான கோயில். பெரிய அடித்தளம். மேலே கருவறை. அதன்மீது சிகரங்கள் கொண்ட கூம்புவடிவ கோபுரம். அதில் நுட்பமான சிற்பங்கள். கஜுராஹோ பாணி கோயில் அது. கஜுராஹோவுக்கு ஒரு முன்னோட்டமாக அமைந்தது அது. செம்மையான கற்களில் செதுக்கப்பட்ட அழகிய சிலைகள்.",Travel India,0
Chhatarpur,Chhatarpur,Madhya Pradesh,24.916355, 79.581184,"சத்ரபூர் என்ற ஊரில் தங்கலாமென முடிவுசெய்தோம். ஊருக்குள் நுழைந்து விடுதிகளை தேடிச்சென்றோம். ஊர் மைதானத்தில் கணேஷ் பூஜை திருவிழாபோல நடந்து கொண்டிருந்தது. ஒரு ஆணும் பெண்ணும் நின்று மாறி மாறி மைக்கில் நாடகம் போல பேசிக்கொள்ளும் ஒரு கலை நிகழ்ச்சி. நடுவே பாடல், பின்னணியில் தபலா மற்றும் ஹார்மோனிய இசை.",Travel India,0
Kandariya Mahadev Temple,Khajuraho,Madhya Pradesh,24.853039, 79.919682,"கஜுராஹோ சிற்பங்களை நாம் நம்முடைய கோயில்களில் சாதாரணமாகப் பார்க்க முடியும். கஜுராஹோவின் கூட்டுப்புணர்ச்சி சிற்பங்கள் சிறியவை, பெரும்பாலும் அலங்காரச் செதுக்குவேலைகள். ஆனால் அழகர்கோயில் கோபுரத்தில் ஆள் அளவுக்கு வண்ணம் தீட்டப்பட்டு வெட்ட வெளிச்சமாக அச்சிற்பங்கள் உள்ளன. நம்முடைய ஒழுக்கவியலும் இறுக்கமானதுதான் என்றாலும் அது நெடுங்கால பாரம்பரியம் கொண்டது என்பதனாலேயே பல மீறல்களை அனுமதிக்கிறது. இங்குள்ள ஆகப்பெரிய ஆலயமான காந்தரிய மகாதேவர் கோயில் கோபுரத்தில் 84 சிகரங்கள் உள்ளன. 116 அடி உயரம் உள்ளது இந்த கோபுரம்.",Travel India,0
Devi Jagadamba Temple,Khajuraho,Madhya Pradesh,24.853397, 79.919709,"வட இந்தியாவில் உள்ள நாகர பாணி கோபுர அமைப்புக்கும் அடுக்குவடிவிலான கற்கட்டுமான முறைக்கும் மிகச்சிறந்த உதாரணங்களாக கஜுராஹோ கோயில்கள் சுட்டிக்காட்டப்படுகின்றன. பெரும்பாலான புகழ்பெற்ற ஆலயங்கள் அழிக்கப்பட்டுவிட்ட நிலையில் கஜுராஹோ எஞ்சியது ஒரு நல்லூழ்தான். பஞ்சாயதனம் (ஐந்து ஆயதனங்கள்) என்ற கட்டட அமைப்பு கொண்டவை இவை. அதாவது ஒரு மையக்கருவறையும் அதன் இருபக்கங்களும் இரண்டு வீதம் நான்கு துணைக்கருவறைகளும் கொண்ட அமைப்பு இது. இங்குள்ள பழைமையான சில கோயில்கள் சமண ஆலயங்கள். மும்மூர்த்திகளுக்கும் ஜகதாம்பாள் போன்ற தேவியருக்கும் கோயில்கள் உள்ளன.",Travel India,0
MadhavGarh Fort,Satna,Madhya Pradesh,24.560646, 80.908674,"அடுத்ததாக சத்னா என்ற ஆறு நீர் பெருகி ஓட தன் கரையில் ஒரு பழைய கோட்டை தென்பட்டது. காரை நிறுத்திவிட்டு இறங்கிப் போய் கோட்டைக்குள் பார்த்தோம். திறந்து கிடந்தது. இடிந்த அரண்மனைகள் லாயங்கள். மாலைவெயிலில் அவை முழுக்க மரணத்தின் புன்னகை போல ஓர் அமைதி. சத்னா கோட்டை சத்ரசால் மன்னர்களால் ஆளப்பட்டது. 16 ஆம் நூற்றாண்டு வரை செயலுடன் இருந்திருக்கிறது. அவர்கள் ராஜபுத்திர வம்சத்தைச் சேர்ந்தவர்கள். முகலாய பாதுஷாக்களின் குறுநிலமன்னர்கள். இறந்துபோன மன்னர்களுக்குக் கட்டப்பட்ட சமாதிகளில் சிவலிங்கம் பிரதிஷ்டை செய்து மண்டபம் கட்டியிருக்கிறார்கள். ஏராளமான மண்டபங்கள் பரவிய ஒரு திறந்த வெளி கோட்டை அருகே இருந்தது. ஒரு மண்டபத்தின் உட்பகுதியில் நல்ல சுவரோவியங்கள் இருந்தன.",Travel India,0
Beehar river bridge,Rewa,Madhya Pradesh,24.539808, 81.280660,"ரீவா ஒரு அணையால் தடுக்கப்பட்டு அருவிபோல எம்பி நுரைத்து வழிந்துகொண்டிருந்தது. மாலைநேரம் ஊரே கலகலப்பாக இருந்தது. ஆனால் நல்ல உடையணிந்த மனிதர்கள் சிலரே. பெரும்பாலும் அழுக்குக் கந்தல்கள். தமிழ்நாட்டின் ஒரு சிற்றூரில்கூட பெரும்பாலானவர்கள் சுத்தமான நல்ல உடைகளையே அணிந்திருப்பார்கள் என்பதை அங்கேதான் நினைவுகூர்ந்தோம்.",Travel India,0
Jangamwadi Math,Varanasi,Uttar Pradesh,25.306723, 83.005560,"ஜங்கம்பாடி மடம் கன்னட ஜங்கம ஜாதியினருக்கு உரியது. இவர்கள் வெலமர் என்ற சாதிக்குரிய புரோகிதர்கள். விளமர்கள் கன்னட சத்ரியர்கள், தமிழ்நாட்டிலும் வாழ்கிறார்கள். பெரிய மடம். நிறைய தூண்கள் கொண்ட நூற்றாண்டு பழக்கமுள்ள பெரிய கட்டடங்கள். தினமும் பலநூறு பயணிகள் வந்து திண்ணைகள் முழுக்க பரவிக் கிடந்து தூங்கி குளித்துச் சென்றார்கள்.",Travel India,0
Annapurna Mandir,Varanasi,Uttar Pradesh,25.310478, 83.010090,"அருகே விசாலாட்சி அன்னபூரணி ஆலயங்களைக் கண்டுவிட்டு தஸாஸ்வமேத கட்டுக்கு சென்றோம்.",Travel India,0
Shri Kashi Vishwanath Temple,Varanasi,Uttar Pradesh,25.310861, 83.010676,"கோயில் மராட்டியர் காலத்தில் கட்டப்பட்டது. சிவப்புச்சாயமிடப்பட்ட சிறிய கோயில் அப்பகுதி இடிபாடுகளாகக் கிடந்து தன்னிச்சையாக உருவாகி வந்ததாகையால் மிகமிக நெரிசலானது. கோயிலுக்கு இருவர் மட்டுமே இடிக்காமல் செல்லக்கூடிய சந்து வழியாகவே செல்லவேண்டும். கடுமையான போலீஸ் சோதனை. செல் ஃபோன்கள் அனுமதி இல்லை. அதிக கூட்டம் இல்லை என்றாலும் நெரிசல் இருந்தது. காசியில் நாமே லிங்கத்துக்கு நேராக பூஜை செய்யலாம் என்பதை அனைவரும் அறிவார்கள். ஆனால் எந்தவிதமான ஒழுங்கும் முறையும் இல்லாத இடம் இது. நெடுங்காலம் இடிபாடுகளாகக் கிடந்த பின் மீட்கப்பட்டு தன்போக்கில் உருவாகிவந்தது. இந்த இடத்தை கைப்பற்றி வைத்திருந்த படகோட்டும் குகா சாதியினருக்கு இப்பகுதி மீது மேலாதிக்கம் உள்ளது. பாரம்பரியமான சடங்குகள் முறைகள் எல்லாம் மறைந்துவிட்டன. நாடெங்கும் இருந்து வந்த பல்வேறு இன மக்கள் அவர்களுக்கு தோன்றிய வகையில் வழிபடுகிறார்கள். தொட்டு வணங்குவது தழுவ முற்படுவது மேலேயே விழுந்துவிடுவது எல்லாம் உண்டு.",Travel India,0
Manikarnika Ghat,Varanasi,Uttar Pradesh,25.310695, 83.014158,"காசி என்றாலே பிரபலமான மணிகர்ணிகா கட், அரிச்சந்திர கட் என்ற இரு பெரும் சுடலைப்படிக்கட்டுகள்தான் நினைவுக்கு வரும். காசியில் ஒருபோதும் சிதை அணையக்கூடாது என்று ஒரு வரம் உள்ளதாம். காசிவாசி காலபைரவ மூர்த்திக்கு சிதைதான் பலி. அந்த வரம் இன்றுவரை இல்லாமலாகவில்லை. எப்போதும் சுடலைப்படிகளில் பிணங்கள் எரிந்து கொண்டிருக்கும். பிணங்கள் எரிய பிணங்கள் மஞ்சள் சரிகை மூடி காத்துக் கிடக்கும். பிணங்களை சைக்கிளில் வைத்து கட்டியபடி சந்துகளில் ஓட்டிவருவார்கள். ஆட்டோ ரிக்ஷாக்களின் மேலே ஏற்றி வருவார்கள். சாற்றி வைத்துவிட்டு அமர்ந்து டீ குடிப்பார்கள். காசியில் மரணம் அதன் பொருளை இழந்துவிட்டிருக்கிறது.",Travel India,0
Dr. Rajendra Prasad Ghat,Varanasi,Uttar Pradesh,25.306985, 83.010613,"ராஜேந்திரபிரசாத் கட்டில் இறங்கி அஸ்ஸி நோக்கி நடந்தோம். உயர்ந்த கோட்டை முகப்புகள் போன்று ராஜஸ்தானி, முகலாய பாணிகளில் சிவந்த கற்களால் உப்பரிகைகள் மற்றும் பெரும் தூண்களுடன் கட்டப்பட்ட படித்துறைகள் காசிக்கு தொன்மையின் கம்பீரத்தை அளிக்கின்றன.",Travel India,0
Dashashwamedh Ghat,Varanasi,Uttar Pradesh,25.306189, 83.010286,"ஏழரை மணிக்கு அங்கே கங்கா ஆர்த்தி சடங்கு உண்டு. கங்கையை தெய்வமாக உருவகித்து அப்படித்துறையை கருவறையாக ஆக்கி செய்யப்படும் விரிவான பூஜைதான் அது. சங்கு ஊதி மலரும் தூபமும் காட்டி விளக்கால் ஆரத்தி எடுப்பார்கள். ஐந்து இளம் பூசாரிகள் ஒரு நடனம் போல நிதானமாக ஒத்திசைவுடன் செய்யும் இந்த பூஜை ஒரு அழகிய கலைநிகழ்ச்சி போலவும் இருக்கும். ஏராளமான பேர் கூடுவார்கள். கங்கையின் பழைமையும் அதன் மாட்சியும் நம் நினைவில் இருந்தால் இது ஒரு உணர்ச்சிகரமான நிகழ்ச்சியே.",Travel India,0
Rana Mahal Ghat,Varanasi,Uttar Pradesh,25.305080, 83.009243,"செந்திலும் சிவாவும் ராணாகட்டில் இறங்கி குளித்தார்கள். 15 நாள் முன் கங்கையில் பெருவெள்ளம் வந்திருக்கிறது. மேலே உள்ள விடுதிகள் வரை வெள்ளம். அதனால் மலைமலையாக சேறு படித்துறைகளை மூடியிருந்தது.",Travel India,0
Vijaynagram Ghat,Varanasi,Uttar Pradesh,25.299430, 83.007528,"விஜயநகர் கட் வேறு வகையில் கம்பீரமானது.",Travel India,0
Maharaja Harishchandra Ghat,Varanasi,Uttar Pradesh,25.298065, 83.007389,"நாங்கள் அரிச்சந்திரா கட்டை அடைந்தோம். அங்கே நான்கு பிணங்கள் இருந்தன. இரண்டு பிணங்கள் எரிந்து கொண்டிருந்தன. காசியில் சிதை உடலின் முக்கால் பங்குக்கு மட்டுமே அடுக்கப்படும். தலையும் கால்களும் வெளியே கிடக்கும். உடல் எரிந்து வயிறு பிளந்து நீர் பொருள் வெளியேறியதும் உடலை அப்படியே அமுக்கி எரிந்து உருகிக்கொண்டிருக்கும் கால்களை குச்சியால் மடித்து உள்ளே தள்ளுவார்கள்.",Travel India,0
Assi Ghat,Varanasi,Uttar Pradesh,25.288618, 83.006485,"அஸ்ஸி கட்டுக்கு வந்தபோது மழை பிடித்துக் கொண்டது. சற்றுநேரம் ஒதுங்கி நின்றோம்.",Travel India,0
Ramnagar Fort Museum,Varanasi,Uttar Pradesh,25.269505, 83.025062,"ராம்நகர் அரண்மனை கங்கைக் கரையில் ஒரு பெரிய கோட்டைபோல எழுந்து நிற்கிறது. கோட்டைக்குள் ஒரு பெரிய அருங்காட்சியகம் உள்ளது. மகாராஜாவின் பழைய கார்கள் சாரட் வண்டிகள் பல்லக்குகள் அம்பாரிகள் மற்றும் துப்பாக்கிகள் உள்ளன. இப்பொருட்களின் பரிணாமத்தை அறிய உதவும் மிகச்சிறந்த சேகரிப்பு இது. சாரட் போலவே இருக்கும் பழைய ஃபோர்டு கார்கள், ஸ்டூடிபேகர் கார்கள். சாரட் வண்டிகள் மெல்ல மெல்ல அதிர்வுசமனிகள் சேர்க்கப்பட்டு பிரம்மாண்டமாக மாறி வந்திருப்பதைக் காணலாம். பழைய கார்கள் அனைத்துமே அரச கம்பீரத்துடன்தான் உள்ளன. அவை அவசியப்பொருட்கள் என்பதற்குமேலாக ஆடம்பரப்பொருட்களாகவே இருந்திருக்கின்றன. வெள்ளியில் தந்தத்தில் பித்தளையில் மூங்கில் மரத்தில் செய்யப்பட்ட விதவிதமான பல்லக்குகள்...",Travel India,0
Sarnath Museum, Sarnath,Uttar Pradesh,25.379662, 83.023527,"சாரநாத் அருங்காட்சியகத்தில் அசோகரின் அந்தச் சின்னம் அதிக சேதம் இல்லாமல் வைக்கப்பட்டிருக்கிறது. கடுமையான பாதுகாப்பு ஏற்பாடுகள் கொண்ட அருங்காட்சியகம் அது. சாரநாத் அருங்காட்சியகம் மிக முக்கியமான ஒரு சேகரிப்பு. இங்குள்ள அரிய புத்தர் சிலைகளை விரிவாகவே ஆராய வேண்டும். புத்தர் அவலோகிதர், மைத்ரேயர் போன்ற அபூர்வ தோற்றங்களில் வடிக்கப்பட்டிருக்கிறார். தாராதேவி (பிஞ்ஞாதாரா) யின் பல சிலைகள் நுட்பமான அழகுகொண்டவை. மதியம் பிகார் வழியாக கயா நோக்கிக் கிளம்பினோம்.",Travel India,0
Ashokan Pillar, Sarnath,Uttar Pradesh,25.381414, 83.022703,"அசோகர் சாரநாத்தில் எழுப்பிய வெற்றித்தூண் இடிந்து பல துண்டுகளாக கிடந்திருக்கிறது. அதை ஒரு சிறு மண்டபத்தில் சேர்த்து வைத்திருக்கிறார்கள். அதில் பிராமி லிபிகளில் அசோகரின் செய்தி இருக்கிறது. அந்தத் தூணின் உச்சியில்தான் நமது தேசிய அடையாளமான நான்குசிங்கங்களும் சக்கரமும் கொண்ட சின்னம் இருந்தது.",Travel India,0
Dhamekh Stupa, Sarnath,Uttar Pradesh,25.380908, 83.024530,"சாரநாத் ஸ்தூபி இப்போது ஸ்தூபி வடிவில் இல்லை. அதன் வட்டமான மாபெரும் கருங்கல் அடித்தளம் மட்டும் முழுமையாக உள்ளது. அதில் சிறிய அளவில் அலங்கார வேலைப்பாடுகளும் புத்தர் சிலைகளும் உள்ளன. அதன் மேலே இருந்த ஸ்தூபி செங்கல்லால் அரைக்கோள வடிவில் கட்டப்பட்டு அதன்மேல் சுதைப்பூச்சு கொடுக்கப்பட்டதாக இருந்திருக்க வேண்டும். இப்போது உடைந்த செங்கல் கட்டுமானத்தின் எஞ்சிய வடிவமற்ற அமைப்பு மட்டும் பத்தாள் உயரத்துக்கு எழுந்து நிற்கிறது.",Travel India,0
Bodhi tree,Bodhgaya,Bihar,24.695931, 84.991114,"கோயிலுக்குப் பின்பக்கம் புத்தர் போதிமரத்தின் அடியில் அமர்ந்திருந்த இடத்தில் வஜ்ராசனம் என்று சொல்லப்படும் சிறிய பீடம் போடப்பட்டிருந்தது. அதைச் சுற்றி கம்பிவேலி. உள்ளே புத்தரின் நினைவு அந்த பீடத்தில் கம்பீரமாக கண்மூடி அறிநகை சுடர அமர்ந்திருந்தது. அதன் முன் ஒரு இளம் கொரிய பிக்குணி நூற்றியெட்டு நமஸ்காரங்கள் செய்துகொண்டிருந்தாள். நமஸ்காரம் செய்வதற்குரிய விரிப்புகள் கைகள் கல்லில் உரசாமலிருப்பதற்கான உறைகள் எல்லாம் அவளே கொண்டு வந்திருந்தாள். பல பிக்குகள் அப்பகுதியில் தியானம் செய்தார்கள். நான் கல்தூண் சாய்ந்து அமர்ந்து என்னுள் மூழ்கினேன். போதியின் முன்னாலிருந்து எழவே மனம் வரவில்லை. இனிய தூக்கம் நம்மை பிடித்து மீண்டும் மீண்டும் உள்ளே அமிழ்த்துவதுபோல ஒரு அழுத்தம். பலமுறை கிளம்ப தீர்மானித்து மீண்டும் அமர்ந்துகொண்டேன்.",Travel India,0
Mahabodhi Temple,Bodhgaya,Bihar,24.695921, 84.991422,"காலைநேரம் மகாபோதியின் அடியில் தியானமுழுமையுடன் விடிந்தது. எங்கும் அமைதி, அந்த அமைதிக்கு அடிக்கோடிடுவதுபோல பாலிமொழியில் ஒலித்துக் கொண்டிருந்த கனத்த மங்கோலியக்குரல் புத்த மந்திரம். மகாபோதி கோயிலின் மையக்கோபுரம் செங்குத்தான கூம்பாக நூற்றைம்பதடி உயரத்துக்கு எழுந்து நின்றது. கோயிலைச்சுற்றி நூற்றுக்கணக்கான சிறிய ஸ்தூபிகள். புராதனமான கட்டடங்களின் அடித்தளங்கள். கூப்பிய கரங்களுடன் பிட்சுகள் அதைச் சுற்றி வந்தார்கள். ஆலிலை போல துடிக்கும் உதடுகளினால் மந்திரங்களைச் சொல்லிக் கொண்டார்கள்.",Travel India,0
Chennai,Chennai,Tamil Nadu,13.082680,80.270721,"கஷ்மீரின் முஸ்லீம் ஓட்டல் ஒன்றில் சாப்பிட்டுக் கொண்டிருக்கும் போது எங்களிடம் பேசிய லாரி டிரைவர் ஒருவர், தமிழ்நாடு? ஹிண்டு முஸ்லீம் ஆல் பிரண்ட்ஸ் குட் பிளேஸ் என்று நமக்கு நற்சான்றுப் பத்திரம் கொடுத்தார்.",Kardhungla: Road trip from Chennai to Ladhak,1
Thane,Thane,Maharashtra,19.218330,72.978088,"",Kardhungla: Road trip from Chennai to Ladhak,1
Sabarmati Ashram,Ahmedabad,Gujarat,23.060776,72.580869,"இந்த ஆசிரமம் 1917ம் ஆண்டு சபர்மதி ஆற்றின் கரையில் தொடங்கப்பட்டது. கதர் ஆடை, ஆடுவளர்பு உணவு போன்ற தன்னுடைய சோதனைகளையும் பரீட்சார்த்த முயற்சிகளையும் செய்து பார்ப்பதற்காக அமைதியான இடத்தில் இந்த ஆசிரமத்தை உருவாக்கினார். ஆனால் இன்று இவ்விடம் நகர சந்தடிகளுக்கு மத்தியில் வந்துவிட்டது. ஆசிரமத்தை யார் பெயரில் வாங்குவது என்பது குறித்து ஆலோசனை செய்யும் கடிதம் கூட அங்கிருந்தது. 1930ஆம் ஆண்டு 78 பேருடன் இந்த ஆசிரமத்தில் இருந்துதான் தண்டியை நோக்கி தன்னுடைய நடைப் பயணத்தை தொடங்கினார். மாபெரும் வெற்றிபெற்ற அந்த உப்புசத்தியாகிர நடைப்பயணம் ஒரு கண்ணாடிப்பேழையில் ஓவியமாகவும் காந்தி குனிந்து உப்பையள்ளும் காட்சி மட்டும் சிலையாகவும் வடிக்கப்பட்டுள்ளது. காந்தியின் வாழ்க்கையில் புகைப்படமாக பதிவு செய்யப்படாத நிகழ்வுகளே இல்லையா என ஐயம் கொள்ளும் வகையில் அவரின் கடைசி நாள் வரை ஆவணப்படுத்தப் பட்டுள்ளது.",Kardhungla: Road trip from Chennai to Ladhak,1
Jallianwala Bagh,Amristar,Punjab,31.620558, 74.880315,"கூட்டம் நடைபெற்ற இடத்திற்கு செல்லும் குறுகிய வழி, பீரங்கியை நிறுத்தி வைத்து சுட்ட இடம், தப்பிப்பதற்காக மக்கள் குதித்து மாண்ட கிணறு அனைத்தையும் பார்வையிட்டோம். மாண்டவர்களின் நினைவாக நினைவுத் தூண் ஒன்று உள்ளது. சுவற்றில் 36 இடங்களில் குண்டு துளைத்த பகுதி அடையாளப் படுத்தப்பட்டு வேலியிட்டு பாதுகாக்கப் படுகிறது.",Kardhungla: Road trip from Chennai to Ladhak,1
Golden Temple,Amristar,Punjab,31.619971, 74.876548,"ஆங்காங்கே இருக்கும் பளிங்கு கற்களில் பூனா ஹார்ஸ் போன்று, போர்களின் பங்கெடுத்து வீரமரணம் அடைந்த போா் குழுக்கள் மற்றும் வீரர்களின் நினைவைப் போற்றும் விதமாக அவர்களின் பெயர்கள் பளிங்குக் கற்களில் பதிக்கப் பட்டுள்ளன. எல்லா வேலைகளையும் பெரும்பாலும் தன்னார்வலர்களே செய்கிறார்கள். எக்ஸ்ட்ரா காசு கொடுத்தால் தனி வரிசை எல்லாம் இல்லை. அனைவரும் ஒரே வரிசையில் சென்று கோவிலின் நடுவில் இருக்கும் புனிதநூலான குரு கிரந்தத்தை தரிசித்தோம்.",Kardhungla: Road trip from Chennai to Ladhak,1
Wagah,Punjab,Punjab,31.604717, 74.574140,"முதலில் தேசபக்தி பாடல்கள் ஒலிபரப்பாகிறது. பிறகு அந்த தேசபக்தி பாடல்கள் பிண்ணனியில் ஒலிக்க நிகழ்ச்சியை காணவந்த பெண்கள் சிலரை அழைத்து தேசியக் கொடியை ஏந்திக்கொண்டு வரிசையாக செல்ல வைத்தார்கள். பிறகு அவர்களே உற்சாக நடனம் ஆடினார்கள். இந்தப் பக்கம் 5000 பேருக்கு மேல் அமர்ந்திருக்கும் இந்திய அரங்கில் இப்படி கொண்டாட்டம் அரங்கேறிக் கொண்டிருக்க அந்தப் பக்கம் பாகிஸ்தான் அரங்கத்தில் மிகச் சில பேர் வந்து அமர்கிறார்கள்.",Kardhungla: Road trip from Chennai to Ladhak,1
Pathankot,Pathankot,Punjab,32.259541, 75.632072,"பதான்கோட் மாவட்டம் அதிகாரப்பூர்வமாக பாகிஸ்தானுடன் தேசிய எல்லையை பகிர்ந்து கொள்கிறது. சமீபத்தில் 2016ல் கூட இங்கு ஒரு தாக்குதல் நிகழ்ந்தது. வழியெங்கும் ராணுவ முகாம்கள், பயிற்சி அளிக்கும் இடங்கள் ஆகியவற்றை பார்க்கமுடிந்தது. இங்கிருந்து ஸ்ரீநகர் 320கி.மீ. தூரம்.",Kardhungla: Road trip from Chennai to Ladhak,1
Dal Lake,Srinagar,Jammu & Kashmir,34.118361, 74.869069,"நகருக்குள் நுழையும் முன்பே தால் ஏரியில் படகு வீடு வைத்திருக்கும் உரிமையாளர் ஒருவர் அவருடைய காரில் எங்களை துரத்தி வந்து நிறுத்தி தங்குவதற்கு இடம் தேவையா என விசாரித்தார். ஒரு பெரிய இடைவேளைக்குப் பிறகு ஆங்கிலத்தில் பேசும் ஒருவரை கண்டதும் உற்சாகமாகி அவருடைய படகு வீட்டில் தங்குவது என முடிவு செய்தோம்.",Kardhungla: Road trip from Chennai to Ladhak,1
Sonamarg,Sonamarg,Jammu & Kashmir,34.302387, 75.296555,"வழியில் சோனமார்க் என்ற ஊரினை கடந்து குண்டும் குழியுமாகவும் நல்ல ஏற்றத்துடனும் இருந்த கார்கில் சாலையில் பயணித்தோம்.",Kardhungla: Road trip from Chennai to Ladhak,1
Kargil War Memorial,Kargil,Jammu & Kashmir,34.433226, 75.807996,"1999ஆம் ஆண்டு நடைபெற்ற கார்கில் போரில் வீரமரணமடைந்த ராணுவ வீரர்களை போற்றும் விதமாகவும் வெற்றியை நினைவு கூறும் விதமாகவும் அந்த நினைவிடம் அமைந்திருந்தது. கார்கில் போரில் பங்கேற்ற சிறிய ரக போர் விமானங்கள், ஆயுதங்கள், சிதைந்த ஆயுதங்கள் மற்றும் குண்டுகளின் பாகங்கள், எந்தெந்த மலைச் சிகரங்களை எப்படி மீட்டோம் என்று விளக்கும் படியான மினியேச்சர்கள், வீர மரணம் எய்திய வீரர்களின் பெயர்களை தாங்கிய நினைவு கற்கள், அவர்கள் பெயர்கள் பொறிக்கப்பட்ட சுவர்கள் அனைத்தையும் பார்வையிட்டோம்.",Kardhungla: Road trip from Chennai to Ladhak,1
Kargil,Kargil,Jammu & Kashmir,34.560131, 76.126137,"கார்கில் பெரிய நகரமாக இருக்கிறது. தங்குவதற்கான விடுதிளும் நிறைய இருந்தன. அதிக சிரமம் எடுத்து தேடாமல் நதிக்கரை ஓரத்தில் நல்ல வசதியான தங்குமிடம் குறைந்த விலையில் கிடைத்தது. நாங்கள் பயணம் செய்தது ஹாஃப் சீசன் நேரம். எனவே வழியெங்கும் தங்கிய அனைத்து அறைகளுமே சலுகை விலையிலேயே கிடைத்தது.",Kardhungla: Road trip from Chennai to Ladhak,1
Buddha Monastery,Jammu & Kashmir,Jammu & Kashmir,34.383654, 76.356047,"வழியில் முல்பேக் என்ற ஊரில் இருந்த புத்த மடத்தை பார்வையிட்டோம். பௌத்தமத நம்பிக்கையின் படி ஆயிரம் புத்தர்கள் தோன்றுவார்கள். அந்த வரிசையில் இந்த பூமியில் தோன்றி உள்ள ஐந்தாவது புத்தரான மைத்ரேயா அவர்களின் நினைவாக கட்டப்பட்டது அந்த மடம்.",Kardhungla: Road trip from Chennai to Ladhak,1
Lamayuru,Lamayuru,Jammu & Kashmir,34.282707, 76.773959,"மூன்று மணி நேர பயண தூரத்தில் உள்ள லாமயாருவில் இரவு தங்கலாம் என தீர்மானித்து மேற்கொண்டு பயணமானோம்.",Kardhungla: Road trip from Chennai to Ladhak,1
Leh,Leh,Jammu & Kashmir,34.152588, 77.577057,"எட்டாம் நாள் இரவு லே நகரில்.",Kardhungla: Road trip from Chennai to Ladhak,1
Khardung La Gompa,Leh,Jammu & Kashmir,34.278764, 77.604552,"உச்சியை அடைந்ததும் நீங்கள் 18 ஆயிரம் அடி உயரத்தில் இருக்கிறீர்கள் என்று எழுதப்பட்டிருந்த அறிவிப்பு பலகையின் அருகே நின்று புகைப்படங்கள் எடுத்துக் கொண்டோம்.",Kardhungla: Road trip from Chennai to Ladhak,1
Leh,Leh,Jammu & Kashmir,34.152588, 77.577057,"எட்டாம் நாள் இரவு லே நகரில்.",Kardhungla: Road trip from Chennai to Ladhak,1
Kargil,Kargil,Jammu & Kashmir,34.560131, 76.126137,"கார்கில் பெரிய நகரமாக இருக்கிறது. தங்குவதற்கான விடுதிளும் நிறைய இருந்தன. அதிக சிரமம் எடுத்து தேடாமல் நதிக்கரை ஓரத்தில் நல்ல வசதியான தங்குமிடம் குறைந்த விலையில் கிடைத்தது. நாங்கள் பயணம் செய்தது ஹாஃப் சீசன் நேரம். எனவே வழியெங்கும் தங்கிய அனைத்து அறைகளுமே சலுகை விலையிலேயே கிடைத்தது.",Kardhungla: Road trip from Chennai to Ladhak,1
Srinagar,Srinagar,Jammu & Kashmir,34.083672, 74.797279,"நகருக்குள் நுழையும் முன்பே தால் ஏரியில் படகு வீடு வைத்திருக்கும் உரிமையாளர் ஒருவர் அவருடைய காரில் எங்களை துரத்தி வந்து நிறுத்தி தங்குவதற்கு இடம் தேவையா என விசாரித்தார். ஒரு பெரிய இடைவேளைக்குப் பிறகு ஆங்கிலத்தில் பேசும் ஒருவரை கண்டதும் உற்சாகமாகி அவருடைய படகு வீட்டில் தங்குவது என முடிவு செய்தோம்.",Kardhungla: Road trip from Chennai to Ladhak,1
Pushkar,Pushkar,Rajasthan,26.489750, 74.551086,"மாலை 5 மணியளவில் புஷ்கர் நகரை அடைந்தோம். இங்கிருக்கும் பிரம்மா கோவில் புகழ்பெற்ற சுற்றுலாதலம். நகரெங்கும் சாதுக்களும் வெளிநாட்டு சுற்றுலா பயணிகளுமாக இருந்தார்கள். பாலைவனக்காடு கிராமம் இவைகளுக்கு நடுவே ஆங்காங்கே பிரம்மாண்டமான பேலஸ் மாதிரியான தங்கும் விடுதிகள். வெளிநாட்டுப் பயணிகள் அதிகளவில் வருவார்கள் போலிருக்கிறது. எல்லாருக்கும் ஆங்கிலம் தொிந்திருக்கிறது. ",Kardhungla: Road trip from Chennai to Ladhak,1
Chennai,Chennai,Tamil Nadu,13.082680,80.270721,"கஷ்மீரின் முஸ்லீம் ஓட்டல் ஒன்றில் சாப்பிட்டுக் கொண்டிருக்கும் போது எங்களிடம் பேசிய லாரி டிரைவர் ஒருவர், தமிழ்நாடு? ஹிண்டு முஸ்லீம் ஆல் பிரண்ட்ஸ் குட் பிளேஸ் என்று நமக்கு நற்சான்றுப் பத்திரம் கொடுத்தார்.",Kardhungla: Road trip from Chennai to Ladhak,1
Madras Cricket Club,Madras,Tamil Nadu,13.061909,80.278333,"I tasted again the strange pleasure to be had in visiting institutions created by the British in another era, and maintained by the Indians in their original form for their own use. There was squash and ginger beer at the Madras Cricket Club, for example, and there was still a faint but original odour of mem-sahib drifting in the air of Spencer’s store.",Jupiter's Travels,2
Thiru Ekambaranathar Temple,Kanchipuram,Tamil Nadu,12.847319,79.699540,"At walking pace I ride through to the outer gate of the temple. It is not a good way to arrive. There is no logical place to park a bike, and it looks very vulnerable. I am hot and absurdly overdressed in boots and jeans, and I have to carry the jacket and helmet, because there is nowhere to leave them. On top of that, a camera and a long lens.",Jupiter's Travels,2
Chingleput,Chingleput,Tamil Nadu,12.693620,79.980499,"On the main road at Chingleput is a petrol and diesel station, and on the opposite side of the road, a wooden teahouse. Trucks, buses and cars stop here, and it is a busy area. One man has put himself in charge of it. How he has done so I don’t know, but there is no doubt, as I watch him over a cup of milk tea, that he is in command.",Jupiter's Travels,2
Continental Hotel,Pondicherry,Tamil Nadu,11.926629,79.831907,"",Jupiter's Travels,2
Auroville,Pondicherry,Tamil Nadu,12.007018,79.810678,"Auroville, a city of the future that exists in the dreams of a scattered band of people, mostly Europeans and Americans, living on a great sandy site near the coast. Where else in the world could there be so much clarity amidst confusion, so much love amidst hostility, so much beauty in squalor, so much faith against all the evidence?",Jupiter's Travels,2
Brihadeeswara Temple,Thanjavur,Tamil Nadu,10.782746,79.131713,"I am more at home in temples now, less encumbered, and at Thanjavur I find the one that sends my spirit soaring. It has a perfect form, as classical as the Piazza San Marco in Venice, and should be called the Drawing Room of India.",Jupiter's Travels,2
Tiruchirapalli,Tiruchirapalli,Tamil Nadu,10.790483,78.704674,"",Jupiter's Travels,2
Dundigal,Dundigal,Tamil Nadu,10.367312,77.980293,"Riding a motorcycle at thirty miles an hour on the road to Dundigal, among people deeply involved in manual skills, so close to the earth and each other and so different from me, I could imagine myself as a mythical being, a god in disguise that might pass their way only once in a lifetime.",Jupiter's Travels,2
Madurai,Madurai,Tamil Nadu,9.925201,78.119774,"I first thought of becoming a god as I was riding north from Madurai.",Jupiter's Travels,2
Rameshwaram,Rameshwaram,Tamil Nadu,9.287625,79.312927,"The ferry to Sri Lanka crosses from Rameswaram to Talimannar. The distance is twenty-five miles. I board it at ten in the morning and get off just after midnight. It may be the world’s slowest boat.",Jupiter's Travels,2
Kodaikanal,Kodaikanal,Tamil Nadu,10.238114,77.489182,"I rode up to Kodaikanal, the more southerly hill station where log fires roar in the grates at night as they did in the White Highlands of Kenya.",Jupiter's Travels,2
Cochin,Cochin,Kerala,9.931233,76.267303,"To enjoy the splendour of the west coast and the green tidiness of Kerala.",Jupiter's Travels,2
Ooty,Ooty,Tamil Nadu,11.406414,76.693245,"At the foot of the last big climb to Ooty were groves of areca palms, quite improbably graceful and slender for their great height. It seemed incredible that they could support the weight of the men who clambered up them to reap the betel crop from below their feathery crowns, swinging from one to another like monkeys.",Jupiter's Travels,2
Bangalore,Bangalore,Karnataka,12.971599,77.594566,"",Jupiter's Travels,2
Mangalore,Mangalore,Karnataka,12.914142,74.855957,"",Jupiter's Travels,2
Karwar,Karwar,Karnataka,14.820100,74.182503,"On my way up the coast from Mangalore I stopped at Karwar, a poor fishing town on the estuary of the Kalinadi River. I felt like drinking a beer, but alcohol had been banished to the edge of town.",Jupiter's Travels,2
Goa,Goa,Goa,15.299326,74.123993,"Goa is quite as beautiful as everybody says, but I found it chiefly interesting for what I learned about pigs. It is the excellent custom in India, in the villages, to go out in the morning to whichever field has been specially designated and leave your daily shit where it is most needed to fertilize the ground. In Goa also this custom is followed, but there is a special problem, because Goanese, unlike most Indians, are carnivorous and keep pigs. And pigs, as one may or may not know, eat shit. And the pigs of Goa are very hungry pigs so that many an unwary person has been knocked off his toes by a charging porker before the completion of his duties.",Jupiter's Travels,2
Kolhapur,Kolhapur,Maharashtra,16.704987,74.243256,"",Jupiter's Travels,2
Poona,Poona,Maharashtra,18.520430,73.856743,"",Jupiter's Travels,2
Bombay,Bombay,Maharashtra,19.075983,72.877655,"In Bombay I saw a newly released American film, full of violence and shootings. In Europe I would have shrugged it off, but there it made me squirm and choke with horror. What made the audience shudder most though was a happy scene in which the cowboy hero marks his cattle with a branding iron.",Jupiter's Travels,2
Baroda,Baroda,Gujarat,22.307159,73.181221,"Ashwin said there was much to be seen in Baroda and that he would show me, and the maharajah’s brother said I should stay at the palace meanwhile if I liked.",Jupiter's Travels,2
Ahmedabad,Ahmedabad,Gujarat,23.022505,72.571365,"In Ahmedabad, two women came towards me towing a heavily loaded trolley both dressed in the same saris and bodices of red and yellow, but both with their heads and faces completely wrapped in saffron muslin. They were moving with extraordinary vigour, and made an unforgettable sight. It was impossible to believe, because of their very vitality, that they were suffering.",Jupiter's Travels,2
Udaipur,Udaipur,Rajasthan,24.585445,73.712479,"",Jupiter's Travels,2
Jaipur,Jaipur,Rajasthan,26.912434,75.787270,"",Jupiter's Travels,2
Delhi,Delhi,Delhi,28.613939,77.209023,"",Jupiter's Travels,2
Khanpur,Delhi,Uttar Pradesh,26.449923,80.331871,"In Khanpur (or Cawnpore as the British spelled it in the days of the Mutiny) I stayed at the old Orient Hotel. It was in a disgraceful state of dilapidation. My room was one of a number of cardboard boxes put up inside a once grand ballroom, and I could hear the rats scampering across the dance floor. The facilities were abysmal, but one feature of the old days had been kept intact. Two beautifully maintained billiard tables gleamed under brilliant lights in a room behind the bar, and some town swells were playing a highly affected game.",Jupiter's Travels,2
Lucknow,Lucknow,Uttar Pradesh,26.846695,80.946167,"",Jupiter's Travels,2
Faizabad,Faizabad,Uttar Pradesh,26.773249,82.144165,"",Jupiter's Travels,2
Gorakhpur,Gorakhpur,Uttar Pradesh,26.760759,83.373703,"On the road from Gorakhpur to Nepal, a long, silent, empty country road, came a sight I never thought to see in this half of the century: two wiry, barefooted men in sky-blue turbans and shawls jogging along with a litter on their shoulders. I stopped, transfixed as they went past. The plush red curtains of the litter were drawn open. Inside a young man sat cross-legged, idly regarding the countryside. He was dressed in English clothes and was wearing a blazer and an old-school tie.",Jupiter's Travels,2
Pokhara,Pokhara,Nepal,28.237988,83.995590,"",Jupiter's Travels,2
Kathmandu,Kathmandu,Nepal,27.717245,85.323959,"",Jupiter's Travels,2
Guwhati,Guwhati,Assam,26.140289,91.791862,"By the time I came out of Assam into West Bengal in February of 1977, my experiences in India alone were beginning to overwhelm me. My mind was a constantly changing kaleidoscope. A Royal Bengal Tiger seen stalking the long grass at sunset. A religious procession winding down a mountainside. A wild tribal dance. Men in loincloths hunting with bows and arrows.",Jupiter's Travels,2
Margherita,Margherita,Assam,27.291300,95.657500,"The astonishing open-cast coal mine at Margherita.",Jupiter's Travels,2
Benares,Benares,Uttar Pradesh,25.317644,82.973915,"I surrendered, to India and to the multitude. That was something else I had learned, to surrender. Vast crowds gathered around me when I stopped, but as long as they gave me room to breathe I did not mind. I got used to considering my life as public property.",Jupiter's Travels,2
Patna,Patna,Bihar,25.594095,85.137566,"Why else should I have been led to a hotel in Patna whose owner was a glider pilot, and who insisted on taking me up with him? For breathless minutes I found my escape from India by whirling above it in the company of those big brown birds called Kites.",Jupiter's Travels,2
Bodh Gaya,Bodh Gaya,Bihar,24.706169,84.989464,"Ten miles beyond Gaya is Boddhgaya, the place where Buddha preached his first sermon under a tree. A tree stands on the spot now, though not, I think, the same tree. Above and around the tree a great temple and stupa have been built. Somewhere nearby every Buddhist nation is also represented by a temple and a refuge for pilgrims. The refuges are austere and cheap to live in. They offer shelter and tranquillity, and in the dry hot spring of Bihar that is all one needs.",Jupiter's Travels,2
The Salvation Army Hostel,Calcutta,West Bengal,22.558136,88.352549,"I arrived in Calcutta slightly weakened by food poisoning, and went to ground in Sudder Street, at the Salvation Army hostel, where so many poor travellers stay.",Jupiter's Travels,2
Fairlawn Hotel,Calcutta,West Bengal,22.558350, 88.352677,"In a corner of Sudder Street facing the hostel stood, and no doubt will stand forever, a two-star bastion of the Raj, the Fairlawn Hotel. By my standards it was far too expensive. Even if I had thought it worth the price to stay there and confirm that the empire was past its prime, I did not actually have the money.",Jupiter's Travels,2
Konark Sun Temple,Konark,Odhisha,19.887575,86.094558,"Powerful winds were blowing in from the bay, and a thin veil of sand particles hovered over the long beaches to give the light an unearthly feeling.",Jupiter's Travels,2
Shree Jagannath Temple,Puri,Odhisha,19.800440,85.826752,"The route I had planned took me back one more time to the Bay of Bengal at Puri and at Konarak.",Jupiter's Travels,2
Inspection Bungalow,Pithora,Chhattisgarh,21.254200,82.516403,"On the first day I found a room in the Inspection Bungalow at Pithora. The other room was occupied by a CARE official. He said he was a doctor helping the government of Maharashtra to set up a nutrition programme.",Jupiter's Travels,2
Bagbahara,Bagbahara,Chhattisgarh,21.046400,82.384102,"I slept through the afternoon, and left at dusk, making a detour through Bagbhara to get petrol.",Jupiter's Travels,2
Raipur,Raipur,Chhattisgarh,21.251385,81.629639,"I rode on to Raipur and found cigarettes at a shop outside a hotel. While there I thought I might as well use the lavatory. The cubicle was already occupied by a man aiming a jet of urine into the bowl. He had left the door open and looked up as I approached.",Jupiter's Travels,2
Nagpur,Nagpur,Maharashtra,21.145800,79.088158,"The whole of India suddenly struck me as wildly funny, and I went on laughing most of the way to Nagpur.",Jupiter's Travels,2
Jabalpur,Jabalpur,Madhya Pradesh,23.181467,79.986404,"The following evening at Jabalpur I met another Indian who had been to Australia. I had no idea so many Indians had gone there.",Jupiter's Travels,2
Khajuraho,Khajuraho,Madhya Pradesh,24.851900,79.923000,"Eventually I came to Agra by way of Khajurao.",Jupiter's Travels,2
Taj Mahal,Agra,Uttar Pradesh,27.174903,78.041835,"The TajMahal was entirely worth visiting despite its reputation, and even more worth listening to. The sighs of a million spirits drifted down inside from the echoing dome.",Jupiter's Travels,2
Agra Fort,Agra,Uttar Pradesh,27.179637,78.020686,"In the arcade outside, after three and a half years of thinking about it, I bought a pair of sandals that I could actually wear, and walked in them to see the fort.",Jupiter's Travels,2
Delhi,Delhi,Delhi,28.613939,77.209023,"On May the fifth, with 26,300 miles on the clock since L.A., I left New Delhi.",Jupiter's Travels,2
Amristar,Amristar,Punjab,31.621010,74.877960,"I shot up the trunk road to Amritsar like an arrow from a bow, and had three narrow escapes with buses before I was able to cool down sufficiently to ride with my usual caution. In retrospect those seemed like the most dangerous miles of the journey.",Jupiter's Travels,2
Rawalpindi,Rawalpindi,Pakistan,33.565109,73.016914,"There was no reason to stay, for I would only have been incarcerated in an expensive hotel, and I set off alone for Rawalpindi.",Jupiter's Travels,2
Bangalore,Bangalore,Karnataka,12.971599,77.594566,"அதிகாலை பெங்களூரில் இருந்து கிளம்பியபோது வழக்கமான பயணத்தின் உற்சாகம் சற்றே குறைவாக இருந்தது.",குகைகளின் வழியே,3
Seebi Narasimha Swamy Temple,Tumkur,Karnataka,13.530197,77.000989,"முதல் கோயில் சிபி என்ற ஊரில் இருந்த நரசிம்மசுவாமி ஆலயம். ஒரு காலத்தில் முக்கியமான கோயிலாக இருந்திருக்கவேண்டும். இப்போது அந்தப்பிராந்தியமே இடிந்து கற்குவியல்களாகக் கிடக்கிறது. இந்த ஆலயத்தில் உட்கூரையின் சுதைமேல் வண்ண ஓவியங்கள் உள்ளன. ராமாயண மகாபாரதக் காட்சிகளுடன் ஏராளமான மைதுன - கேளி - ஓவியங்களும் இருக்கின்றன. பொதுவாக கோயில் இடிந்து கிடந்து பின்பு எடுத்துக்கட்டப்பட்ட நிலையில் இருந்தாலும் அப்பகுதி எங்குமே ஓர் அவலத்தோற்றம் எஞ்சியிருக்கிறது. பிரம்மாண்டமான ஓர் குளம் பாசிநீர் தேங்கிக்கிடக்கிறது. நான்கு பக்கமும் பெரிய படிக்கட்டுகளால் சூழப்பட்ட அழகிய தெப்பக்குளம்.",குகைகளின் வழியே,3
Siddheswara Temple,Hemavathi,Andhra Pradesh,14.027342,76.994885,"சித்தேஸ்வரர் ஆலயத்தில் மூலவராக இருக்கும் சிலை அமர்ந்த கோலத்தில் சிவன் என்று கவனித்தபோது ஆச்சரியமாக இருந்தது. அழகிய சிலை. பொதுவாக சிவாலயங்களில் சிலை இருப்பதில்லை. லிங்கம்தான் மூலச்சிலையாக இருக்கும்.",குகைகளின் வழியே,3
Doddeswara Temple,Hemavathi,Andhra Pradesh,14.027434,76.995478,"கோட்டைக்குள் இருந்த சித்தேஸ்வர தொட்டேஸ்வர் கோயில்கள் சிதைந்த நிலையில் உள்ளன.",குகைகளின் வழியே,3
Hemavathi Archeological Museum,Hemavathi,Andhra Pradesh,14.027687,76.994078,"அருங்காட்சியகத்தில் அழகிய கருங்கற்சிலைகள். பெரும்பாலும் இந்திராண்டி நந்தி சப்தகன்னியர் சிலைகள். சிலைகளில் பூவராக மூர்த்தியும் வராஹியும் எனக்கு ஒரு அலாதியான மன எழுச்சியை அளிப்பவை. பன்றிமுகம் கொண்ட தெய்வங்கள். மூர்க்கமும் கம்பீரமும் அழகாகப் பிணைந்து தோன்றும் ஒரு கணத்தை ஓர் அசைவை சிற்பி அவற்றில் நிகழ்த்தியிருப்பான்.",குகைகளின் வழியே,3
Rayadurg Fort, Rayadurg, Andhra Pradesh,14.700237,76.843106,"புராதனமான கோட்டை. ராயலசீமாவின் கரடுமுரடான பாறைக்குவியல் மலைகள் நடுவே ஒரு மலையை சுற்றி வளைத்துக் கட்டப்பட்டது. மலைக்குக் கீழே இன்றைய ராயதுர்க் என்ற சாக்கடை வழிந்த கடப்பைக்கல் பாவப்பட்ட சாலைகளும் கடப்பைக்கல் சுவர்கள் கொண்ட சிறிய வீடுகளும் கொண்ட நெரிசலான நகரம். அதன் சிறிய சந்துகள் வழியாக பன்றிகளை விலக்கி நடந்து கோட்டையை அடைந்தோம். மேலே செல்ல பழங்காலப் படிகள். குதிரைகள் செல்வதற்காகக் கட்டப்பட்டவை. பெரும்பாறைகள் சரிந்து சிதறிக்கிடந்த பரப்பினூடாக படிகள் சென்றன.",குகைகளின் வழியே,3
Gooty Fort, Anantapur, Andhra Pradesh,15.114758,77.643016,"இந்தியாவின் பிரம்மாண்டமான கோட்டைகளில் ஒன்று கூட்டி. குட்டி என்றுதான் உள்ளூரில் சொல்கிறார்கள். இரண்டு மலைகளை உள்ளிட்டுக் கட்டப்பட்ட பிரம்மாண்டமான கோட்டைச்சுவர் வளைந்து வளைந்து செல்கிறது. உள்ளிருக்கும் மலைக்குமேலும் கோட்டைகளும் இருந்தன. அந்தக்காலை நேரத்தில் கோட்டைமேல் நின்று கீழே விரிந்துகிடந்த நகரத்தைப் பார்த்தது எழுச்சியூட்டும் அனுபவமாக இருந்தது.",குகைகளின் வழியே,3
Yadiki Cave, Anantapur, Andhra Pradesh,15.148889,77.919786,"ராயலசீமாவுக்கே உரிய திறந்து வெளுத்த நிலம். கௌபாய் படங்களில் வருவதுபோன்ற காட்சி. மலைகள் முழுக்க அடுக்கடுக்காக வைக்கப்பட்ட ஓடுகள் போன்று அமைந்த பாறைகள். அவை சரிந்து விழுந்து நொறுங்கிய சரிவுகள். மிகக்குறைவாகவே மரங்கள். அவ்வளவு ஆழக்காட்டில் மறைவாக இருந்தது அது. ஒரு சிறிய கிணறு போன்ற பள்ளம். அதனுள் இறங்கிச்சென்றால் 12 அடி ஆழம் கொண்ட இடுங்கலான இருண்ட பாதை. அதன்பின் பக்கவாட்டில் இரண்டு கிலோமீட்டர் தூரம் வரை நீளும் குகை இருக்கிறது. எட்டிப்பார்த்தால் பயமாக இருந்தது. மிக இருண்ட பாதை. ஒல்லியான உடல் கொண்ட இளைஞர்கள் மட்டுமே உள்ளே செல்ல முடியும். கொஞ்ச நேரம் யோசித்துவிட்டு நம்மால் முடியாது என்ற முடிவுக்கு வந்தோம். உள்ளே குகைக்குள் ஒரு நல்ல நீரோடை ஓடுவதாக அனுமந்து சொன்னார். குகையை தரிசனம் செய்ததே போதும் என்று திரும்பிவிட்டோம்.",குகைகளின் வழியே,3
Belum Cave, Kurnool, Andhra Pradesh,15.102557,78.111500,"டிக்கெட் எடுத்து வழிகாட்டியுடன் உள்ளே சென்றோம். மண்ணுக்கு அடியில் நூறு முதல் நூற்று எண்பது அடிவரை ஆழத்தில் செல்லும் இக்குகைகள் உறுதியான களிமண்பாறைகள் வழியாக பாய்ந்த நிலத்தடிநீர் அங்கே கலந்திருந்த சுண்ணாம்புப்பாறையைக் கரைத்துக் கொண்டுசெல்வதன் வழியாக உருவாகி வந்தவை. மண்ணுக்கு அடியில் ஒரு பெரிய கட்டடத்தொடர் போல இவை உள்ளன.",குகைகளின் வழியே,3
Madhavaraya Swami Gudi, Gandikota, Andhra Pradesh,14.813279,78.283831,"கோயிலில் மூலச்சிலை இல்லை. அதன் அமைப்பு தஞ்சைக் கோயில்களை ஒத்திருந்தது. பெரிய பிராகாரங்கள். சுற்றும் முற்றம். கோபுரம் மேலே உடைந்திருந்தது. மணற்கல்லால் ஆன கோயிலாகையால் சிற்பங்கள் அதிகமில்லை. ஆனால் அந்த வேளையில் அக்கோயிலில் தனியாக நின்றிருக்கையில் ஒரு விதமான மன எழுச்சி உருவானது.",குகைகளின் வழியே,3
Sri Uma Maheswara Temple, Yaganti, Andhra Pradesh,15.350713,78.138234,"யாக்கண்டி உமா மகேஸ்வரர் கோயில் 15 ஆம் நூற்றாண்டில் விஜயநகரத்தை நிறுவிய மன்னர்கள் ஹரிஹர புக்கரால் கட்டப்பட்டது. கொஞ்சம் தமிழ்ப் பயணிகளைக் காதால் அறிய முடிந்தது. சாமியார்கள் பலர் தமிழ் உரையாடி வழி சொன்னார்கள்.",குகைகளின் வழியே,3
Venkateswara Swamy Temple, Yaganti, Andhra Pradesh,15.351063,78.138802,"இரண்டாவது குகை இன்னும் உயரமானது. உள்ளே சுண்ணாம்புப்பாறை. சுண்ணாம்புப் பாறைகள் இருந்த இடங்கள் அரிக்கப்பட்டு உருவான குகைகள்தான் அவை. இரண்டாவது குகை வைணவர்களுக்கு. வெங்கடேஸ்வரா குகை என்று பெயர். அங்கே ராமனும் லட்சுமணனும் கோயில் கொண்டிருந்தனர். ஒரு எட்டுமாடிக்கட்டடம் அளவுக்கு உயரமாக இருந்தது குகையின் உட்கூரை.",குகைகளின் வழியே,3
Kala Gnani Brahmam gari Sankara Guha, Yaganti, Andhra Pradesh,15.351281,78.139405,"மூன்றாவது குகைக்குள் ஒரு சிறிய கோயில் இருந்தது. பிரம்மேந்திரர் குகை என்று அதற்குப்பெயர். அதன்பின்பக்கம் நாலைந்து நபர்கள் தங்குமளவுக்கு அகலமான ஒருகுகை. ஆனால் குனிந்துதான் அங்கு வாழமுடியும். வெட்டூரி பிரம்மந்திரசாமி என்னும் துறவி அங்கே தங்கியிருந்து ஒரு காவியம் எழுதியிருக்கிறார். அங்கு தங்கியிருக்கும் ஒரு கிழவி அதைப் பராமரித்து வந்தாள்.",குகைகளின் வழியே,3
